{
  "accuracy": 0.7705523214539259,
  "precision": 0.5418181818181819,
  "recall": 0.8769395398608881,
  "f1": 0.6697997548017981,
  "roc_auc": 0.8730236977371527,
  "classification_report": {
    "0": {
      "precision": 0.9427575908412146,
      "recall": 0.7321221492075763,
      "f1-score": 0.824194952132289,
      "support": 5174.0
    },
    "1": {
      "precision": 0.5418181818181819,
      "recall": 0.8769395398608881,
      "f1-score": 0.6697997548017981,
      "support": 1869.0
    },
    "accuracy": 0.7705523214539259,
    "macro avg": {
      "precision": 0.7422878863296982,
      "recall": 0.8045308445342323,
      "f1-score": 0.7469973534670435,
      "support": 7043.0
    },
    "weighted avg": {
      "precision": 0.8363603516726716,
      "recall": 0.7705523214539259,
      "f1-score": 0.7832231185655293,
      "support": 7043.0
    }
  }
}